CREATE TABLE `CATEGORIAS` (
  `CodCategoria` char(6) NOT NULL,
  `NombreCategoria` varchar(20) DEFAULT NULL
) ENGINE=InnoDB DEFAULT CHARSET=latin1;

INSERT INTO `CATEGORIAS` (`CodCategoria`, `NombreCategoria`) VALUES
('AND004', 'Android'),
('LIN001', 'GNU/Linux'),
('PCS005', 'PCs'),
('RAS003', 'Raspberry'),
('SIN000', 'Sin Categoria'),
('WIN002', 'Windows');

CREATE TABLE `COMENTARIOS` (
  `IdComentario` int(11) NOT NULL,
  `CodUsuario` char(7) NOT NULL,
  `IdEntrada` char(7) NOT NULL,
  `Comentario` varchar(3000) DEFAULT NULL
) ENGINE=InnoDB DEFAULT CHARSET=latin1;

INSERT INTO `COMENTARIOS` (`IdComentario`, `CodUsuario`, `IdEntrada`, `Comentario`) VALUES
(6, 'LUAL001', 'ALPA177', 'qur tal que hace\r\n'),
(14, 'LUAL001', 'ALPA255', 'Otro simple comentario ... :)'),
(15, 'MACA004', 'ALPA567', 'un día como hoy!!!...'),
(17, 'LUAL001', 'ALPA774', 'primer comentario '),
(18, 'USNU588', 'ALPA255', 'pole!!'),
(21, 'ASAS295', 'ALPA177', 'OLA K ASE'),
(23, 'ASAS295', 'ANA698', 'Mal luigui mal'),
(24, 'LUAL001', 'ANA698', 'hola ana '),
(25, 'ASAS295', 'ANA698', 'hola kuiki\r\n'),
(27, 'LUAL001', 'PEDR715', 'hola pedro!!!'),
(31, 'LUAL001', 'ALPA774', 'RESPONDER'),
(33, 'LUAL001', 'ALPA774', 'hola mundo'),
(37, 'LUAL001', 'ALPA774', 'que tal que hace'),
(38, 'LUAL001', 'ALPA774', 'hola mundo'),
(40, 'LUAL001', 'ALPA774', 'hola mundo'),
(41, 'LUAL001', 'ALPA774', 'hola mundo'),
(42, 'LUAL001', 'ALPA774', 'hola mundo'),
(43, 'LUAL001', 'ALPA774', 'hey que hace'),
(44, 'LUAL001', 'ALPA774', 'dadawd'),
(45, 'LUAL001', 'ALPA774', 'hola mundo'),
(46, 'LUAL001', 'ALPA774', 'hey que hace'),
(47, 'LUAL001', 'ALPA774', 'comentar'),
(48, 'LUAL001', 'ALPA774', 'hola\r\n'),
(50, 'LUAL001', 'ALPA774', 'hola mundo');

CREATE TABLE `ENTRADAS` (
  `IdEntrada` char(7) NOT NULL,
  `Titulo` varchar(100) CHARACTER SET utf8 COLLATE utf8_spanish_ci NOT NULL,
  `ImagenEntrada` varchar(100) DEFAULT NULL,
  `FechaCreacion` timestamp NOT NULL DEFAULT CURRENT_TIMESTAMP,
  `Contenido` blob,
  `Publicado` char(1) DEFAULT 'N',
  `UltimaModificacion` timestamp NOT NULL DEFAULT CURRENT_TIMESTAMP ON UPDATE CURRENT_TIMESTAMP,
  `CodUsuario` char(7) NOT NULL
) ENGINE=InnoDB DEFAULT CHARSET=latin1;

INSERT INTO `ENTRADAS` (`IdEntrada`, `Titulo`, `ImagenEntrada`, `FechaCreacion`, `Contenido`, `Publicado`, `UltimaModificacion`, `CodUsuario`) VALUES
('ALPA177', 'Kim Dotcom podría ser extraditado, pero no por piratería', 'Mario.jpg', '2017-02-23 11:17:39', 0x0d0a09090909090d0a09090909093c703e456c2054726962756e616c205375706572696f72206465204e75657661205a656c616e646120686120636f6e6669726d61646f20717565204b696d20446f74636f6d20706f6472c3ad612073657220657874726164697461646f2c207065726f20656e20636f6e74726120646520746f646f2070726f6ec3b3737469636f206e6f20706f72206c61732076696f6c6163696f6e6573206465206465726563686f73206465206175746f72207175652073652061736f6369616e206120737520657461706120616c206672656e7465206465204d65676175706c6f61642c2073696e6f20706f72206c6f732064656c69746f7320646520667261756465207920626c616e7175656f2064652064696e65726f207175652045737461646f7320556e69646f73206c6520696d707574612e3c2f703e3c703e3c62723e3c2f703e3c703e4e6f2068617920647564612064652071756520e2809c656c207061c3ad73206465206c61206c69626572746164e2809d207469656e652067616e61732064652065636861726c6520656c206775616e746520616c2066756e6461646f72206465204d65676175706c6f61642c20792074616d706f636f2061646d6974652064697363757369c3b36e20656c20686563686f20646520717565207375706965726f6e206c616e7a617220756e61206f66656e73697661206c6567616c2079206465207072657369c3b36e206d656469c3a174696361207061726120636f6e736567756972206c6120657874726164696369c3b36e2064656c206d69736d6f2e3c2f703e3c703e3c62723e3c2f703e3c703e536567c3ba6e2045737461646f7320556e69646f7320656c20656e6f726d65206465736172726f6c6c6f206465206c612070697261746572c3ad6120717565207065726d697469c3b3204d65676175706c6f61642070726f766f63c3b32070c3a972646964617320646520766172696f73206369656e746f73206465206d696c6c6f6e65732061206c6120696e647573747269612063696e656d61746f6772c3a1666963612c207065726f206c6120636f6d756e6963616369c3b36e20616c2070c3ba626c69636f20612074726176c3a97320646520496e7465726e6574206465206f627261732070726f7465676964617320706f7220636f70797269676874206e6f20657320636f6e736964657261646f20636f6d6f20756e2064656c69746f206372696d696e616c202870656e616c2920656e204e75657661205a656c616e64612c20706f72206c6f20717565206e6f20707565646520736f7374656e657220756e6120657874726164696369c3b36e2e3c2f703e3c703e3c62723e3c2f703e3c703e53696e20656d626172676f20656c20667261756465207920656c20626c616e7175656f2064652064696e65726f2073c3ad207469656e656e206c6120636f6e7369646572616369c3b36e206465206163746f20646f6c6f736f2c207920706f722074616e746f2073697276656e20706172612073757374656e7461722065736120706574696369c3b36e20646520657874726164696369c3b36e20717565206d616e7469656e652045737461646f7320556e69646f732c20636f6d6f20616e7469636970616d6f7320616c20696e6963696f2064656c20617274c3ad63756c6f2e3c2f703e3c703e3c62723e3c2f703e3c703ec2bf517569657265206573746f20646563697220717565204b696d20446f74636f6d2076612061207365722066696e616c6d656e746520657874726164697461646f3f2050756573206e6f2c207065726f20616c67756e6f73206d6564696f732073652068616e20636f6c61646f2079206c6f2068616e206461646f20706f7220686563686f2e20457374616d6f7320616e746520756e6120726573707565737461206a7564696369616c207175652061756e71756520696d706f7274616e7465206e6f207375706f6e6520756e6120646563697369c3b36e2066696e616c2c207961207175652063616265207265637572736f20636f6e74726120656c6c612e3c2f703e3c703e3c62723e3c2f703e3c703e4b696d20446f74636f6d207365206861206d6f73747261646f207361746973666563686f20656e20706172746520636f6e206573746120646563697369c3b36e207920657320636f6d7072656e7369626c652c2070756573746f2071756520686120636f6e7365677569646f207a61666172736520646520746f646f206c6f2072656c6163696f6e61646f20636f6e206c6f73206465726563686f73206465206175746f7220656e206c6120736f6c69636974756420646520657874726164696369c3b36e2e2054616d6269c3a96e20686120636f6e6669726d61646f20717565207469656e652070656e7361646f2072656375727269722065736120706f7369626c6520657874726164696369c3b36e20706f72206c6f732064656c69746f7320646520667261756465207920626c616e7175656f20616e7465206c6120436f727465206465204170656c6163696f6e6573206465204e75657661205a656c616e64612e3c2f703e3c703e0d0a09090909093c62723e3c62723e0d0a09090909093c62723e3c62723e0d0a09090909093c62723e3c62723e0d0a09090909093c62723e3c62723e0d0a09090909093c62723e3c62723e0d0a09090909093c62723e3c62723e0d0a09090909093c62723e3c62723e0d0a09090909093c62723e3c62723e0d0a09090909093c62723e3c62723e0d0a09090909093c2f703e0d0a0909090909090909, 'S', '2017-03-12 13:25:09', 'MACA004'),
('ALPA180', 'Nueva entrada alpachilo edit', 'tabla.png', '2017-03-21 08:12:54', 0x0d0a09090909090d0a09090909090d0a09090909093c703e4e7565766120656e7472616461202e2e2e2e3c2f703e3c62723e0d0a09090909093c62723e3c62723e0d0a09090909090d0a090909090909090909090909, 'S', '2017-03-21 08:14:22', 'MACA004'),
('ALPA255', 'Windows 10 RedStone 3 version 1711', 'sinimagen.png', '2017-02-23 08:55:09', 0x0d0a09090909093c70207374796c653d22746578742d616c69676e3a206a7573746966793b223e4d6963726f736f667420796120657374c3a12074726162616a616e646f20656e20756e612076657273696f6e2064652073752073697374656d61206f706572617469766f2c2057696e646f77732031302052656473746f6e6520332c207061726120656c206c617a616d69656e746f2070726f6772616d61646f20656e20656c206d6573206465206e6f7669656d626520636f6d6f207665727369c3b36e20313731312e3c2f703e3c70207374796c653d22746578742d616c69676e3a206a7573746966793b223e556e612076657a206365727261646f20656c2067727565736f2064656c2063c3b36469676f206465206c612076657273696f6e2052656473746f6e6520322c206375796f206465736172726f6c6c6f20636f6e636c756972c3a120646520666f726d61206f66696369616c20636f6e20656c2063657263616e6f206c616e7a616d69656e746f206465206c61206564696369c3b36e2063726561746f7273205570646174652c204d6963726f736f667420657374c3a12074726162616a616e646f20656e206c61207072c3b378696d61207665727369c3b36e206c6f2071756520636f6e6669726d6172c3a1206c617320646f732061637475616c697a6163696f6e206d61796f72657320616e75616c6573206164656dc3a173206465206c6f732070617263686573206465207365677572696461642e3c2f703e3c70207374796c653d22746578742d616c69676e3a206a7573746966793b223e5265636f7264656d6f732071756520636f6e2057696e646f77732031302c206d6963726f736f66742065737472656ec3b320756e2070726f6772616d61206465206465736172726f6c6c6f20636f6e74c3ad6e756f207061726120656c2073697374656d61206f706572617469766f2071756520266e6273703b64656ac3b320617472c3a17320746f646f206c6f207175652073652076656ec3ad612068616369656e646f206861737461206c612066656368612c20616c20616272697220766172696173206c696e656173206465206465736172726f6c6f20656e206469666572656e746573206574617061732c2064657364652076657273696f6e6573207072656c696d696e6172657320616c70686120656e206c6173207175652073652074726162616a6120696e7465726e616d656e7465206120636f6d70696c6163696f6e65732070c3ba626c6963617320717565207365207072756562616e20706f72206c6f73207573756172696f7320656e20656c2063616e616c2064652070727565626120496e73696465722e3c2f703e3c70207374796c653d22746578742d616c69676e3a206a7573746966793b223e57696e646f77732031302052656473746f6e652033207075626c69636172c3a12062616a6f206c612076657273696f6e2031373131207369677569656e646f206c61206e6f6d656e636c617475726120656d706c6561646120706f72206d6963726f736f66742c2061756e71756520746f6461766961206e6f20736520686120696e666f726d61646f2064656c206e6f6d62726520636f6d65726369616c2e20456c206c616e7a616d69656e746f20656e206e6f7669656d6272652063656c6562726172c3ad61206c6f7320646f732061c3b16f73206465206c61207072696d6572612061637475616c697a6163696f6e2064652057696e646f77732031302c206c6120313531312e2053652065737065726120717565206c6173207072696d6572617320636f6d70696c6163696f6e65732064652057696e646f77732031302052656473746f6e652033207365207075626c697175656e20656e20656c2063616e616c20696e73696465722062617374616e746520616e7465732c20656e20656c206d657320646520616272696c2e3c2f703e3c70207374796c653d22746578742d616c69676e3a206a7573746966793b223e4d6963726f736f66742074656e647269612061626965727461206f747261206c696e6561206465206465736172726f6c6f2c2057696e646f77732031302052656473746f6e6520342c206375617274612061637475616c697a6163696f6e206d61796f722064656c2073697374656d6120717565206c6c65676172c3ad6120656e206c61207072696d617665726120646520323031382e20506f72206c6f2070726f6d657469646f20706f72206d6963726f736f66742068617374612061686f72616d20746f646173206c6173206e75657661732076657273696f6e65732f61637475616c697a6163696f6e65732064652057696e646f777320313020736572c3a16e206772617475697461732070617261206c6f7320636c69656e7465732064656c2053697374656d612e3c2f703e3c703e3c62723e3c2f703e3c703e3c62723e3c2f703e3c703e3c62723e3c62723e0d0a09090909093c62723e3c62723e0d0a09090909093c62723e3c62723e0d0a09090909093c62723e3c62723e0d0a09090909093c62723e3c62723e0d0a09090909093c62723e3c62723e0d0a09090909093c62723e3c62723e0d0a09090909093c62723e3c62723e0d0a09090909093c62723e3c62723e0d0a09090909093c62723e3c62723e0d0a09090909093c2f703e0d0a09090909, 'S', '2017-03-12 13:25:09', 'MACA004'),
('ALPA347', 'Como crear un pendrive booteable de Linux en Windows', 'java.png', '2017-02-23 08:41:36', 0x0d0a09090909090d0a09090909090d0a09090909093c70207374796c653d22746578742d616c69676e3a2063656e7465723b223e3c623e22486f7920656e2064696120666f726d617465617220756e206f7264656e61646f722065732074616e20666163696c2071756520686173746120756e206e69c3b16f206465206f63686f2061c3b16f7320286f206d656e6f73292070756564652068616365726c6f2e204861636520756e6f732061c3b16f732c206375616e646f2071756572696120666f726d6174656172206d69206f7264656e61646f722061206361757361206465206c6f7320646963686f736f732076697275732064652057696e646f77732c206c6c616d6162616d6f7320616c20766563696e6f207175652074656e696120756e206c6f6375746f72696f2e20456e2065736520656e746f6e6365732c20637265c3ad61207175652065726120746f646f20756e206572756469746f20636f6e20656c206f7264656e61646f722c20666f726d617465616261206520696e7374616c616261206c6f7320647269766573206465206d616e657261206d757920666163696c2c20636f7361207175652070617261206d692065726120746f646120756e61206f64697365612e204c6f206c6c656775c3a920612061646d6972617220286573207175652074656e696120372061c3b16f732920266e6273703b79206372656f207175652065736520667565206d6920696d70756c736f20706172612071756572657220617072656e64657220696e666f726d617469636120286275656e6f2c20656e207265616c6964616420736f6c6f2071756572696120617072656e646572206120666f726d61746561722c20706f7271756520657261206c6f20717565206d6173207665c3ad61292e2053696e656d626172676f2c206375616e646f20696e6963696520656e20656c206d756e64696c6c6f20717565206c6120696e666f726dc3a1746963612c206d65206469c3b320756e206772616e20676f6c706520656e206c612063617261202e2e2e223c2f623e3c2f703e3c70207374796c653d22746578742d616c69676e3a206a7573746966793b223e3c62723e3c2f703e3c70207374796c653d22746578742d616c69676e3a206a7573746966793b223e3c623e436f7361732061206e6563657369746172207061726120637265617220756e2070656e647269766520626f6f746561626c653a3c2f623e3c2f703e3c70207374796c653d22746578742d616c69676e3a206a7573746966793b223e61292050656e6472697665206dc3ad6e696d6f2064652038476220287075656465207365722034207369206c612069736f2070657361206d656e6f7320646520322c354762293c2f703e3c70207374796c653d22746578742d616c69676e3a206a7573746966793b223e62292049534f206465206c612064697374726962756369c3b36e2061206772616261722e3c2f703e3c70207374796c653d22746578742d616c69676e3a206a7573746966793b223e6329204c696c695553422e20556e2070726f6772616d612028756e61206465206c6173206d656a6f72657329207061726120677261626172206c612049534f20656e20656c2070656e64726976652e3c2f703e3c70207374796c653d22746578742d616c69676e3a206a7573746966793b223e3c62723e3c2f703e3c70207374796c653d22746578742d616c69676e3a206a7573746966793b223e436f6e206573746173207472657320636f73617320796120706f64656d6f7320696e696369617220636f6e206e75657374726f207475746f7269616c2e203c623ec2a1436f6d656e63656d6f73213c2f623e3c2f703e3c70207374796c653d22746578742d616c69676e3a206a7573746966793b223e312e2d20496e696369616d6f7320656c2070726f6772616d61204c696c6955534220792068616272c3a120342076656e74616e617320656e20646f6e6465206361646120756e612074656e6472656d6f732071756520656c6567697220756e61206f7063696f6e2e3c2f703e3c70207374796c653d22746578742d616c69676e3a206a7573746966793b223e3c62723e3c2f703e3c703e3c62723e0d0a09090909093c62723e3c62723e0d0a09090909093c62723e3c62723e0d0a09090909093c62723e3c62723e0d0a09090909093c62723e3c62723e0d0a09090909093c62723e3c62723e0d0a09090909093c62723e3c62723e0d0a09090909093c2f703e0d0a090909090909090909090909, 'N', '2017-03-12 18:50:34', 'MACA004'),
('ALPA567', 'Windows 10 por fin supera a Windows 7', 'sinimagen.png', '2017-02-23 09:15:18', 0x0d0a09090909093c703e4c6f7320c3ba6c74696d6f73206e756d65726f20717565206861206f6672656369646f2053746174436f756e74657220696e646963616e207175652057696e646f7773203130206861206c6f677261646f207375706572617220612077696e646f7773203720656e205553412c20756e6f73206465206c6f73206d65726361646f73207465636e6f6cc3b36769636f73206d617320696d706f7274616e74657320717565206578697374656e2061637475616c6d656e74652e3c2f703e3c703e456368616e646f20756e207669737461736f2061206c61732063696672617320636f6e637265746173206e6f7320656e636f6e7472616d6f7320636f6e207175652057696e646f77732031302072656769737472c3b320756e612063756f7461206465206d65726361646f20616c206369657272652064652064696369656d6272652064656c2070617361646f2061c3b16f2064656c2032362c393025206d69656e74726173207175652057696e646f77732037206578706572696d656e74c3b320756e61207065717565c3b1612062616a61646120616c2032362c3536252e3c2f703e3c703e68617920756e61206469666572656e636961206dc3ad6e696d61207065726f206c6f73206ec3ba6d65726f7320736f6e20636c61726f732c20706f6e656e20656e206d616e6966696573746f2071756520656c206e7565766f2073697374656d61206f706572617469766f206465204d6963726f736f6674206861206e65636573697461646f20616c72656465646f7220646520756e2061c3b16f2079206d6564696f2070617261207375706572617220612057696e646f7773203720656e2045737461646f7320556e69646f732c20616c67756e6f20717565206d7563686f73206e6f2073652068616272c3ad616e20617472657669646f206e69207369756965726120612070656e736172206375616e646f206c6c6567c3b320616c206d657263616420656e206a756c696f2064656c20323031352e3c2f703e3c703e45732065766964656e746520717565204d6963726f736f6674206e6f20686120686563686f20616c67756e617320636f736173206269656e20636f6e2057696e646f777320313020656c2073697374656d61206f706572617469766f206861206775737461646f2c2079206d7563686f2e2050727565626120636c61726120646520656c6c6f206c612074656e656d6f7320656e206c6f73206ec3ba6d65726f7320717565206d616e656a6120537465616d2c20706f7220656a656d706c6f2c20646f6e646520736520686120636f6e7665727469646f2074616d6269c3a96e20656e206c6120706c617461666f726d61206dc3a173207574696c697a6164612c206f20656e206c612063756f7461206465206d65726361646f20717565206d616e7469656e6520656e2070616973657320636f6d6f204e6f727565676120792044696e616d617263612c20616c676f20717565207961206f7320636f6e74616d6f7320656e207375206d6f6d656e746f20656e204d757957696e646f77732e3c2f703e3c703e436f6e20737573206c7563657320792073757320736f6d627261732057696e646f777320313020657320656e2067656e6572616c20756e206275656e2073697374656d61206f706572617469766f2c2079206772616369617320612061637475616c697a6163696f6e657320636f6d6f206c612043726561746f7320556f706461746520736567756972c3a1206d656a6f72616e646f20646520666f726d61206772616475616c2c206173c3ad20717565206e6f2065732070617261206e616461206578747261c3b161206c61206275656e612061636f67696461207175652068612074656e69646f20656e206d7563686f73206d65726361646f73207920736563746f7265732e3c2f703e3c703e4861626c616e646f206465206e6976656c20676c6f62616c2c207369207265766973616d6f73206c612063756f7461206465206d65726361646f2064652057696e646f7773203720792057696e646f777320313020656e20746f646f20656c206d756e646f2076656d6f732071756520656c207072696d65726f206c696465726120636f6e20756e2034382c333425206d69656e747261732071756520656c20736567756e646f206d616e7469656e6520756e2032342c3336252c20756e61206469666572656e636961206d7579206772616e64652071756520706f6e6520656e2065766964656e636961206c6120656e6f726d6520706f70756c6172696461642064656c207665746572616e6f2073697374656d61206f706572617469766f206465206d6963726f736f66742c207175652070617261206d7563686f7320657374c3a1206c6c616d616e646f206120636f6e766572746972736520656e20656c206e7565766f2057696e646f77732058502e3c2f703e3c703e3c62723e0d0a09090909093c62723e3c62723e0d0a09090909093c62723e3c62723e0d0a09090909093c62723e3c62723e0d0a09090909093c62723e3c62723e0d0a09090909093c62723e3c62723e0d0a09090909093c62723e3c62723e0d0a09090909093c62723e3c62723e0d0a09090909093c62723e3c62723e0d0a09090909093c62723e3c62723e0d0a09090909093c2f703e0d0a09090909, 'S', '2017-03-12 13:25:09', 'MACA004'),
('ALPA774', 'Citas y smartphones: ¿Android o iOS? A la mayoría no le importa', 'sinimagen.png', '2017-02-23 11:24:06', 0x0d0a09090909093c703e4375616e646f206861626c616d6f7320646520736d61727470686f6e6573206e6f20746f646f20656c206d756e646f206c6f207469656e6520636c61726f2061206c6120686f726120646520656c656769722e20c2bf416e64726f6964206f20694f533f20457320756e61206275656e612070726567756e74612079206c6120726573707565737461206465736465206c7565676f20657320636f6d706c69636164612c2061756e71756520706f6472c3ad616d6f732064656369722071756520746f646f20646570656e646520646520747520707265737570756573746f2079206465206c6f207175652076616c6f726573206c6120706f736962696c6964616420646520706572736f6e616c697a6172207920636f6e66696775726172207475207465726d696e616c2e3c62723e3c2f703e3c703e3c62723e3c2f703e3c703e5369207175696572657320676173746172206c6f206dc3ad6e696d6f20706f7369626c6520792074656e657220756e61206d61796f72206c6962657274616420656e20746f646f206c6f2072656c6163696f6e61646f20636f6e20747520736d61727470686f6e6520416e64726f6964206573207475206d656a6f72206f706369c3b36e2e20506f7220636f6e74726120736920656c20707265737570756573746f206e6f2065732070726f626c656d6120792070726566696572657320756e61206d61796f722073656775726964616420792061637475616c697a6163696f6e65732065737461626c657320612063616d62696f206465206573746172206dc3a173206c696d697461646f206465626572c3ad617320706f6e657220656c206f6a6f20656e20694f532e3c2f703e3c703e3c62723e3c2f703e3c703e436f6e2065736520726573756d656e20656e206d656e74652074656e656d6f7320756e6120626173652073656e63696c6c6120736f627265206c612071756520706f64656d6f7320636f6e73747275697220756e6120646563697369c3b36e2c207065726f206e6f2068656d6f7320686563686f206573746520617274c3ad63756c6f20636f6e20657365206f626a657469766f2c2073696e6f207061726120616e616c697a6172206c6f73206461746f7320717565206e6f732064656a6120756e20696e7465726573616e7465206573747564696f2072656c6163696f6e61646f20636f6e20416e64726f69642c20694f53207920e2809c6cc2b4616d6f7265e2809d2e3c2f703e3c703e3c62723e3c2f703e3c703e446963686f206573747564696f206861207369646f207265616c697a61646f20636f6e20706572736f6e617320646520616d626f73207365786f73207920646520746f646173206c6173206564616465732c2061756e717565206c61206d61796f72c3ad612074656ec3ad6120656e74726520313820792033352061c3b16f732e20506f7220737570756573746f206e6f207365206469666572656e6369c3b320706f72206f7269656e74616369c3b36e2073657875616c2c206c6f207175652061c3b161646520756e206d61796f722076616c6f722061206c6f7320726573756c7461646f732064656c206d69736d6f2c2079612071756520736520686120636f6e7374727569646f20736f62726520756e612062617365207265616c697374612e3c2f703e3c703e3c62723e3c2f703e3c703ec2bf416e64726f6964206f20694f533f3c2f703e3c703e3c62723e3c2f703e3c703e456368616e646f20756e2076697374617a6f2061206c617320636f6e636c7573696f6e657320717565206172726f6a612065737465206573747564696f20706f64656d6f7320736163617220646f73206461746f73206d757920696e7465726573616e74657320717565206f7320726573756d696d6f73206120636f6e74696e75616369c3b36e3a3c2f703e3c703e3c62723e3c2f703e3c703e4c6f73207573756172696f7320646520416e64726f696420736f6e206861737461203135207665636573206dc3a1732070726f70656e736f732061207072656a757a676172206e656761746976616d656e7465206120616c677569656e20706f722074656e657220756e206950686f6e652e3c2f703e3c703e4c6f73207573756172696f7320646520694f5320736f6e20686173203231207665636573206dc3a1732070726f70656e736f732061207072656a757a676172206e656761746976616d656e7465206120616c677569656e20706f722074656e657220756e20416e64726f69642e3c2f703e3c703e4c6120726976616c6964616420656e747265206d617263617320736520747261736c6164612061206c6f732070726f70696f73207573756172696f732079207075656465206c6c656761722061206166656374617220696e636c75736f2061207375732072656c6163696f6e657320636f6e206f7472617320706572736f6e61732c2061756e71756520706f72207375657274652073692070726f66756e64697a616d6f7320656e206c6f7320726573756c7461646f732067656e6572616c6573206e6f7320656e636f6e7472616d6f73207175652061206c61206772616e206d61796f72c3ad61206465206c6f7320656e637565737461646f73206e6f206c657320696d706f72746120656c207465726d696e616c20717565207574696c696365206c61206f74726120706572736f6e612e3c2f703e3c703e3c62723e3c2f703e3c703e54616e746f206573206173c3ad2071756520756e2038392c393025206465206c6f732071756520706172746963697061726f6e20656e20656c206573747564696f2061736567757261726f6e20717565206e6f206a757a67616e2061206c617320706572736f6e617320646520666f726d61206e6567617469766120706f7271756520c3a9737461732074656e67616e20756e2074656cc3a9666f6e6f20616e746967756f2e3c2f703e3c703e3c62723e3c2f703e3c703e4d757920696e7465726573616e74652c2073696e20647564612c207065726f207920766f736f74726f732c20c2bf74656e64c3a969732061206a757a6761722061206c612067656e746520706f7220737520736d61727470686f6e653f3c2f703e3c703e3c62723e0d0a09090909093c62723e3c62723e0d0a09090909093c62723e3c62723e0d0a09090909093c62723e3c62723e0d0a09090909093c62723e3c62723e0d0a09090909093c62723e3c62723e0d0a09090909093c62723e3c62723e0d0a09090909093c62723e3c62723e0d0a09090909093c62723e3c62723e0d0a09090909093c62723e3c62723e0d0a09090909093c2f703e0d0a09090909, 'S', '2017-03-12 13:25:09', 'MACA004'),
('ALPA836', 'PC Linux con Raspberry Pi, en tamaño Nintendo DS', 'sinimagen.png', '2017-02-23 09:44:07', 0x0d0a09090909093c703e437265617220756e205043204c696e757820636f6e20526173706265727279205069203220656e20756e2074616d61c3b16f20646520636f6e736f6c6120706f7274c3a174696c2c20657320656c20c3ba6c74696d6f2070726f796563746f20646520436872697320526f62696e736f6e207075626c696361646f20656e204e4f44452c20756e20656e7475736961737461207175652068612063726561646f20766572646164657261732076697267756572c3ad617320736f62726520656c206465736172726f6c6c6f20717565206c696465726120656c207365676d656e746f206465206d696e696f7264656e61646f72657320646520706c61636120c3ba6e6963612e3c2f703e3c703e4c6f7320666162726963616e7465732064652065717569706f73206f726967696e616c657320657374c3a16e20636f6e7374727579656e646f20616c67756e6f732065717569706f7320696d70726573696f6e616e74656d656e7465207065717565c3b16f732c207065726f206e6f206d7563686f7320646520656c6c6f7320736f6e206361706163657320646520637265617220756e20504320636f6e20656c2074616d61c3b16f20646520756e6120636f6e736f6c6120706f7274c3a174696c2c20756e612070616e74616c6c61204c4344206120746f646f20636f6c6f722c207465636c61646f205157455254592079206261746572c3ad612e266e6273703b3c2f703e3c703e50617265636520756e61204e696e74656e646f204453206d6f6469666963616461207065726f20657374c3a120636f6e7374727569646f20656e20756e2063686173697320612070617274697220646520646f732063616a617320646520706cc3a1737469636f20646520646973636f73206475726f732065787465726e6f7320646520322c352070756c676164617320636f6d70726164617320656e20416d617a6f6e20706f7220756e6f73206375616e746f732064c3b36c617265732e20526f62696e736f6e207475766f207175652064656a6172206c61205261737062657272792050692070656c6164612c20746972616e646f20646520736f6c6461646f722070617261207265746972617220656c2070756572746f205553422c2048444d492c2045746865726e65742079206f74726f732c20696e7365727461726c6f73206465737075c3a973206465206861636572206c6f7320687565636f7320636f72726573706f6e6469656e74657320656e20656c206368617369732e3c2f703e3c703e456c207465636c61646f207475766f2071756520736572206d6f646966696361646f2c206173c3ad20636f6d6f206c61206261746572c3ad61206f726967696e616c2c2061c3b1616469656e646f20756e20636f6e7665727469646f72206465206d616e6572612071756520656c207465636c61646f2079206c6120706c61636120707564696572616e206f6274656e657220656e657267c3ad61206120706172746972206465206c61206d69736d61206675656e74652e3c62723e3c2f703e3c703e456c2070726f647563746f2066696e616c20636f7374c3b320756e6f73203132302064c3b36c617265732e20436f72726520526173706269616e2079206375616c71756965722061706c6963616369c3b36e2041524d20736f706f72746164612e20546f646f20756e205043204c696e757820636f6e20526173706265727279205069203220656e20756e2074616d61c3b16f20646520636f6e736f6c6120706f7274c3a174696c20636f6e20766172696f732075736f732c20656c20c3ba6c74696d6f20656d756c617220756e612047616d65626f792075206f74726f7320636f6d6f20766572c3a17320656e206c6f732076c3ad64656f732e20536920746520616e696d61732c207469656e657320746f646f20656c2070726f6365736f20636f6e20696e666f726d616369c3b36e206520696dc3a167656e657320656e20696d6775722e3c62723e3c2f703e3c703e0d0a09090909093c62723e3c62723e0d0a09090909093c62723e3c62723e0d0a09090909093c62723e3c62723e0d0a09090909093c62723e3c62723e0d0a09090909093c62723e3c62723e0d0a09090909093c62723e3c62723e0d0a09090909093c62723e3c62723e0d0a09090909093c62723e3c62723e0d0a09090909093c62723e3c62723e0d0a09090909093c2f703e0d0a09090909, 'S', '2017-03-12 13:25:09', 'MACA004'),
('ALPA895', 'Slimbook-KDE', 'sinimagen.png', '2017-02-23 10:11:02', 0x0d0a09090909093c703e536c696d626f6f6b204b444520657320656c20726573756c7461646f206465206c612061736f6369616369c3b36e206465206c6f73206465736172726f6c6c61646f7265732064656c20656e746f726e6f206465206573637269746f72696f204b444520636f6e20656c20696e7465677261646f722065737061c3b16f6c2064652065717569706f7320696e666f726dc3a17469636f732e3c2f703e3c703e3c62723e3c2f703e3c703e536c696d626f6f6b204b4445206d6f6e746120756e612070616e74616c6c612064652031332c332070756c676164617320646520646961676f6e616c20636f6e207265736f6c756369c3b36e2046756c6c204844202831393230207820313038302070c3ad78656c6573292c20656e20756e2063686173697320646520616c756d696e696f206c696765726f20792064656c6761646f207175652064656a61207375207065736f20656e20312c3336206b696c6f6772616d6f732e3c2f703e3c703e3c62723e3c2f703e3c703e507565646520657175697061722070726f63657361646f72657320496e74656c20436f7265206935206f20436f726520693720e2809c536b796c616b65e2809d2c20636f6e20756e6120626173652028616d706c6961626c6529206465203420476279746573206465206d656d6f7269612052414d207920756e612053534420646520313230204762797465732e2057692d46692c20426c7565746f6f746820342e302c2073616c6964612048444d49206f2055534220332e302c207365206375656e74616e20656e7472652073757320656c656d656e746f7320646520636f6e6563746976696461642e3c62723e3c2f703e3c703e3c62723e3c2f703e3c703e456c206861726477617265206e6f20657374c3a1206d616c2061756e717565206c6f20717565206861636520657370656369616c2061206573746520536c696d626f6f6b204b444520657320656c20617061727461646f2064656c20736f6674776172652e205072696d65726f20706f72717565206e6f20736520636f6d65726369616c697a616e2064656d61736961646f732065717569706f7320636f6e204c696e757820707265696e7374616c61646f2079206d656e6f7320636f6e20756e20656e746f726e6f206465206573637269746f72696f2064657465726d696e61646f2c2061756e71756520656e2065737465206361736f2073656120756e6f206465206c6f73206dc3a1732076616c6f7261646f732e3c2f703e3c703e3c62723e3c2f703e3c703e4861626c616d6f7320646520756e204b4445206e656f6e20717565206861207369646f206f7074696d697a61646f2062757363616e646f206c61206d656a6f7220657870657269656e63696120656e20657374652065717569706f2e204c6f7320726573706f6e7361626c657320646963656e2071756520656c204b444520536c696d626f6f6b20657320e2809c756e206f7264656e61646f7220706f7274c3a174696c20717565206861207369646f2070726f6261646f20646972656374616d656e746520706f72206c6f73206465736172726f6c6c61646f726573206465204b44452c206578616374616d656e746520636f6e206c61206d69736d6120636f6e6669677572616369c3b36e206465206861726477617265207920736f66747761726520717565206c6f73207573756172696f73206f627469656e656ee2809d2e3c2f703e3c703e3c62723e3c2f703e3c703e41756e717565204b444520657320736f667477617265206c69627265207920707565646520696e7374616c617273652067726174756974616d656e746520656e206f74726f732065717569706f732c20656c20686563686f207175652068617961207369646f2070726f6261646f20706f7220656c206d69736d6f206465736172726f6c6c61646f7220676172616e74697a6120737520636f6d706c65746120636f6d7061746962696c696461642e204e6f206573206c61207072696d6572612076657a2071756520656c2065717569706f206465204b4445207365206861206176656e74757261646f20656e20656c2068617264776172652e204c6120636f6d7061c3b1c3ad612074726174c3b3206465206c616e7a617220756e61207461626c657461206861636520756e6f732061c3b16f732c207065726f20656c2070726f796563746f2068612070617361646f2062617374616e7465206465736170657263696269646f2e3c2f703e3c703e3c62723e3c2f703e3c703e536c696d626f6f6b204b444520657374c3a120646973706f6e69626c6520656e206c612070c3a167696e61207765622064656c20696e7465677261646f722065737061c3b16f6c2c20636f6e2070726563696f20646573646520373239206575726f732e3c2f703e3c703e3c62723e0d0a09090909093c62723e3c62723e0d0a09090909093c62723e3c62723e0d0a09090909093c62723e3c62723e0d0a09090909093c62723e3c62723e0d0a09090909093c62723e3c62723e0d0a09090909093c62723e3c62723e0d0a09090909093c62723e3c62723e0d0a09090909093c62723e3c62723e0d0a09090909093c62723e3c62723e0d0a09090909093c2f703e0d0a09090909, 'S', '2017-03-12 13:25:09', 'MACA004'),
('ALPA975', 'Pinebook, un portátil Linux por 89 euros', 'sinimagen.png', '2017-02-23 10:04:27', 0x0d0a09090909093c70207374796c653d22746578742d616c69676e3a206a7573746966793b223e50696e65626f6f6b20657320756e20706f7274c3a174696c204c696e757820636f6e20626173652041524d207175652073652076656e646572c3a1206120756e2070726563696f2074616e2062616a6f20636f6d6f203839206575726f732e3c2f703e3c70207374796c653d22746578742d616c69676e3a206a7573746966793b223e457374c3a12066616272696361646f20706f72206c6f732063726561646f7265732064652050494e4536342c20656c206d696e692d504320646520706c61636120c3ba6e69636120717565206c6c6567c3b320616c206d65726361646f206170726f76656368616e646f20656c20746972c3b36e20646520646973706f73697469766f7320636f6d6f20526173706265727279205069207920706f722074616e20736f6c6f2031352064c3b36c617265732e3c2f703e3c70207374796c653d22746578742d616c69676e3a206a7573746966793b223e50696e65626f6f6b20736520636f6d65726369616c697a6172c3a120656e20646f732074616d61c3b16f732064652070616e74616c6c612c204950532064652031312c3620792031342070756c67616461732c20636f6e207265736f6c756369c3b36e206e617469766120646520313238302078203732302070c3ad78656c65732e20266e6273703b4d6f6e746120756e20536f432041524d20416c6c77696e6e657220646520363420626974732c20636f6e2063756174726f206ec3ba636c656f732064652070726f636573616d69656e746f20436f7274657820413533206120312c322047487a2079206772c3a166696361204d616c692d3430304d50322e2041c3b16164652032204762797465732064652052414d20792031362047627974657320646520616c6d6163656e616d69656e746f20654d4d4320352e302e3c2f703e3c70207374796c653d22746578742d616c69676e3a206a7573746966793b223e4375656e746120636f6e2057692d4669207920426c7565746f6f74682c2070756572746f732055534220322e302c20646f732070756572746f732055534220322e302c20756e612072616e7572612070617261207461726a65746173206d6963726f53442c20756e2070756572746f206d696e692048444d49207920756e20636f6e6563746f722070617261206175726963756c617265732e205375207065736f20657320646520312c32206b696c6f6772616d6f7320636f6e206261746572c3ad612064652031302e3030306d41682e3c2f703e3c70207374796c653d22746578742d616c69676e3a206a7573746966793b223e456c2050696e65626f6f6b20707565646520656a65637574617220416e64726f696420352e312f372e302c2052656d6978204f532c2044656269616e2c205562756e74752079206f74726f732073697374656d617320474e552f4c696e75782e204573746172c3a120646973706f6e69626c65207072c3b378696d616d656e74652028736920746520696e746572657361207465207075656465732072656769737472617220706172612071756520746520616e756e6369656e20656c206c616e7a616d69656e746f2920706f72203839206575726f7320656e20656c206d6f64656c6f2064652031312c362070756c67616461732e204c61207665727369c3b36e2064652031342070756c676164617320636f73746172c3a12039392064c3b36c617265732e3c2f703e3c70207374796c653d22746578742d616c69676e3a206a7573746966793b223e3c62723e3c2f703e3c70207374796c653d22746578742d616c69676e3a206a7573746966793b223e506f7274c3a174696c2062c3a17369636f207065726f20696e7465726573616e74652079206120756e2070726563696f207061726120746f646f73206c6f7320626f6c73696c6c6f7320656e20756e206465736172726f6c6c6f20717565206e6f2064656a612064652073657220756e20e2809c6d696e692d504320636f6e2070616e74616c6c61e2809d2c20656e2065737465206361736f2062617361646f20656e20756e6f206465206c6f73206465736172726f6c6c6f7320646520706c61636120c3ba6e696361206dc3a17320696e7465726573616e746573207920616c7465726e617469766f732061206c61206d69736d61205261737062657272792050692e3c2f703e3c703e3c62723e0d0a09090909093c62723e3c62723e0d0a09090909093c62723e3c62723e0d0a09090909093c62723e3c62723e0d0a09090909093c62723e3c62723e0d0a09090909093c62723e3c62723e0d0a09090909093c62723e3c62723e0d0a09090909093c62723e3c62723e0d0a09090909093c62723e3c62723e0d0a09090909093c62723e3c62723e0d0a09090909093c2f703e0d0a09090909, 'S', '2017-03-12 13:25:09', 'MACA004'),
('ANA698', '¿Porque luigui siempre llega tarde?', 'tussam_3.jpg', '2017-03-13 11:13:34', 0x0d0a09090909090d0a09090909090d0a09090909090d0a09090909090d0a09090909090d0a09090909090d0a09090909090d0a09090909090d0a09090909090d0a09090909093c703ec2bf506f72717565206c7569677569207369656d707265206c6c6567612074617264653f3c2f703e3c703e506f72207175652070696572646520656c2074757373616d2e3c62723e0d0a09090909093c62723e3c62723e0d0a09090909093c62723e3c62723e0d0a09090909093c2f703e0d0a09090909090909090909090909090909090909090909090909090909090909090909090909090909, 'S', '2017-05-07 18:17:55', 'ASAS295'),
('FELI496', '“Windows domina el escritorio, pero Linux gana el mundo”', 'sinimagen.png', '2017-02-23 19:51:09', 0x0d0a09090909090d0a09090909090d0a09090909093c703e4173c3ad20746974756c6120656c20656469746f72206a656665206465205a444e65742c2053746576652052616e6765722c20756e20617274c3ad63756c6f20656e20656c2071756520616e616c697a61206c612073697475616369c3b36e206465204c696e757820792057696e646f777320656e2064697374696e746f7320c3a16d6269746f7320636f6d7075746163696f6e616c65732c20636f6e20656c2074656cc3b36e20646520666f6e646f2064656c20706f7369626c65207265677265736f2064652057696e646f77732061206c6120696e66726165737472756374757261205449206465206c6120636975646164206465204dc3ba6e6963682c207465726d696e616e646f20636f6e20756e61206574617061204c696e7578206465206c6120717565206675652070696f6e657261207920656a656d706c6f2064656c2075736f20646520736f667477617265206c6962726520656e206c612061646d696e69737472616369c3b36e2e3c2f703e3c703e3c62723e3c2f703e3c703e52616e676572202d636f6d6f206375616c717569657220616e616c697374612d206469636520646573636f6e6f636572206375616c657320736f6e206c617320636175736173206465206c612070726f707565737461206465207265677265736f206120736f6c7563696f6e65732070726f706965746172696173206465204d6963726f736f66742e20536920736520747261746120646520756e612076616c6f72616369c3b36e2074c3a9636e696361206f20646520e2809c6f74726173206375657374696f6e6573206e6f2072656c6163696f6e61646173e2809d20717565206e6f207469656e656e207175652076657220636f6e206c612063616c696461642064656c2063c3b36469676f207920656c2066756e63696f6e616d69656e746f2064656c2073697374656d612e20456e20746f646f206361736f2c2072656c61746976697a6120737520696d706f7274616e636961206dc3a17320616c6cc3a12064656c20656a656d706c6f2e3c2f703e3c703e3c62723e3c2f703e3c703e5369206269656e204dc3ba6e69636820657320756e61206d75657374726120792073752070c3a9726469646120736572c3ad6120756e20676f6c70652070617261206c6f73207175652064656669656e64656e20656c20736f667477617265206c6962726520656e206c612061646d696e69737472616369c3b36e2c20e2809c656c2064657374696e6f206465204c696e7578206e6f20766120612073657220646563696469646f20656e20656c206573637269746f72696fe2809d2c206173656775726120656c20656469746f722c207265636f7264616e646f207175652068616365203135206f2032302061c3b16f7320717565207365207669656e652064697363757469656e646f206375616e646f20766120612073657220e2809c656c2061c3b16f206465204c696e7578e2809d2c20656c206d6f6d656e746f20646520616365726361727365206f20696e636c75736f207375706572617220612057696e646f777320656e206573637269746f72696f7320696e666f726dc3a17469636f732c20636f6d6f2065726120656c206f626a657469766f2064652070726f796563746f7320636f6d6f205562756e74752e3c2f703e3c703e3c62723e3c2f703e3c703e4c61207265616c69646164206465206173756e746f20736567c3ba6e20656c20706572696f64697374612065732071756520e2809c4c696e7578207065726469c3b320686163652061c3b16f73206c61206775657272612064656c206573637269746f72696fe2809d2079206369746120656c203220706f72206369656e746f2064652063756f7461206465206d65726361646f20717565207469656e6520656c2073697374656d61206c6962726520656e20656c207365676d656e746f2c206672656e746520616c20393120706f72206369656e746f2064652057696e646f77732e3c2f703e3c703e3c62723e3c2f703e3c703ec2a14c696e757820646f6d696e6120656c206d756e646f213c2f703e3c703e3c62723e3c2f703e3c703e53746576652052616e67657220696e74656e746120706f6e6572206c6f20616e746572696f7220656e20737520636f6e746578746f206a7573746f3a20e2809c4c6f73206769726f732079207675656c7461732064656c206361736f204d756e6963682079206c6173206176656e7475726173206465204c696e757820656e20656c206573637269746f72696f20736f6e2066617363696e616e7465732c207065726f206e6f206375656e74616e206c6120686973746f72696120636f6d706c657461e2809c2e3c2f703e3c703e3c62723e3c2f703e3c703ee2809c456c20646f6d696e696f2064656c206573637269746f72696f206e6f206573206c6f20717565206572612c2061686f72612065732073c3b36c6f20756e6120706c617461666f726d6120646520636f6d707574616369c3b36e20656e747265206d75636861732e20446520686563686f2c20656c20736f66747761726520736f62726520656c20504320736520657374c3a120636f6e7669727469656e646f20636164612076657a20656e206d656e6f732072656c6576616e74652061206d656469646120717565206dc3a1732061706c69636163696f6e6573207365207675656c76656e20696e646570656e6469656e7465732064656c20646973706f73697469766f207920656c2073697374656d61206f706572617469766f2c20636f6e20646f6d6963696c696f20656e206c61206e75626520656e207375206c75676172e2809d2c2072656375657264612e3c2f703e3c703e3c62723e3c2f703e3c703e456c20656469746f722072657061736120616c67756e6f73206465206c6f7320736563746f726573206dc3a17320616c6cc3a12064656c206573637269746f72696f20646f6e6465204c696e757820657320696d7072657363696e6469626c6520656e206c6120636f6d707574616369c3b36e206d756e6469616c2e20506f7220617175c3ad206c6f732068656d6f7320726570617361646f20656e20766172696173206f636173696f6e65732e204c696e75782061727261736120656e207375706572636f6d707574616369c3b36e20636f6e20756e612063756f7461206465206d65726361646f207375706572696f722061206c6120717565207469656e652057696e646f777320656e20656c206573637269746f72696f2e204c6f206d69736d6f20706f64656d6f7320646563697220656e206dc3b376696c657320696e74656c6967656e7465732c20646f6e6465206c6f73204c696e7578206dc3b376696c657320656e636162657a61646f7320706f7220416e64726f6964207375706572616e20656c203830252064652063756f7461206465206d65726361646f2e3c2f703e3c703e3c62723e3c2f703e3c703e4c696e7578207469656e652074616d6269c3a96e20756e612063756f74612064657374616361646120656e20656c207365676d656e746f206465207365727669646f7265732c20656e206573746163696f6e65732064652074726162616a6f2070726f666573696f6e616c65732c20656e2065717569706f73206369656e74c3ad6669636f732c20656e20646f6dc3b3746963612c20656e206c6120496e7465726e6574206465206c617320436f7361732c20656e206175746f6d6f6369c3b36e2c20656e2070726f647563746f732070617261207265646573206f20656e20656c206772616e207365676d656e746f20646520656d62656269646f732e204772616e207061727465206465206c6173206e756265732070c3ba626c6963617320736520656a65637574616e20656e204c696e757820646520756e6120666f726d612075206f7472612c20696e636c7579656e646f20656c20736f706f727465206465204d6963726f736f6674206120646973747269627563696f6e6573204c696e757820656e20737520736572766963696f20417a7572652c20656e20756e206163657263616d69656e746f207175652068656d6f7320766973746f20656e206f74726f7320617061727461646f7320792068756269657261207369646f20696d706f7369626c652068617374612068616365206d757920706f636f2e3c2f703e3c703e3c62723e3c2f703e3c703e546f646f20656c6c6f206c6c65766120616c20656469746f72206120636f6e636c75697220717565204c696e757820e2809c657374c3a120746f6d616e646f20656c206d756e646fe2809d20792071756520656c206361736f206465204dc3ba6e696368202861756e71756520657320756e20696d706f7274616e746520656a656d706c6f29206e6f2065732074616e2072656c6576616e74652e20c2bf57696e646f77732068612067616e61646f206c6120626174616c6c612064656c206573637269746f72696f207065726f204c696e757820657374c3a12067616e616e646f206c6120677565727261206465206c6120636f6d707574616369c3b36e3f20c2bf5920656e20656c2066757475726f3f20546520746f63612061706f727461722074752070756e746f2064652076697374612e3c2f703e3c703e3c62723e3c2f703e3c703e3c62723e0d0a09090909093c62723e3c62723e0d0a09090909093c62723e3c62723e0d0a09090909093c62723e3c62723e0d0a09090909093c62723e3c62723e0d0a09090909093c62723e3c62723e0d0a09090909093c62723e3c62723e0d0a09090909093c62723e3c62723e0d0a09090909093c62723e3c62723e0d0a09090909093c2f703e0d0a090909090909090909090909, 'S', '2017-05-07 17:57:11', 'FEMO004'),
('FELI556', 'Está confirmado, NVIDIA anunciará la GTX 1080 TI el 28 de febrero', 'sinimagen.png', '2017-02-23 19:36:50', 0x0d0a09090909093c703e5961206c6f20686162c3ad616d6f73206164656c616e7461646f20656e206e6f74696369617320616e746572696f726573207920686f792066696e616c6d656e746520706f64656d6f7320636f6e6669726d61726c6f2c204e564944494120616e756e63696172c3a1206c6120475458203130383020544920656e20756e206576656e746f20657370656369616c207175652073652063656c6562726172c3a120656c207072c3b378696d6f203238206465206665627265726f2c20756e206d6f76696d69656e746f2071756520706f64656d6f7320636f6e73696465726172206361736920646520e2809c636f6e747261617461717565e2809d20706172612064657376696172206c61206174656e6369c3b36e20736f627265206f74726f20717565207469656e652070656e7361646f2063656c656272617220414d4420657365206d69736d6f2064c3ad612c207920717565206573746172c3a120646564696361646f206120564547412079206c6173206e756576617320526164656f6e205258203530302e3c2f703e3c703e3c62723e3c2f703e3c703e41206e6976656c206465206573706563696669636163696f6e6573206c612047545820313038302054492073652070726573656e746120636f6d6f20756e612047545820544954414e20582050207265636f72746164612c2061756e717565206d616e7469656e6520636f6d6f206261736520656c206d69736d6f206ec3ba636c656f206772c3a16669636f20284750313032292e204573746f206e6f732064656a6172c3ad6120656c207369677569656e74652063756164726f206465206573706563696669636163696f6e65733a3c2f703e3c703e3c62723e3c2f703e3c703e3c623e2d20332e3332382073686164657273206120312e363037204d487a2d312e373333204d487a2e3c2f623e3c2f703e3c703e3c623e2d2032303620756e69646164657320646520746578747572612e3c2f623e3c2f703e3c703e3c623e2d20393620756e69646164657320646520726173746572697a61646f2e3c2f623e3c2f703e3c703e3c623e2d204275732064652033323020626974732e3c2f623e3c2f703e3c703e3c623e2d2031302047422064652047444452355820612031302047487a20656665637469766f732e3c2f623e3c2f703e3c703e3c623e2d2054445020646520323530572c20636f6e20756e20636f6e6563746f7220646520616c696d656e74616369c3b36e20646520382070696e65732079206f74726f20646520362070696e65732e3c2f623e3c2f703e3c703e3c62723e3c2f703e3c703e4c6173206469666572656e63696173207175652070726573656e7461206672656e74652061206c612047545820544954414e2058205020736f6e2062617374616e7465207065717565c3b161732079206c612047545820313038302054492076656e6472c3ad6120636f6e206d61796f726573206672656375656e636961732064652072656c6f6a2c206c6f20717565207369676e696669636120717565206573206d75792070726f6261626c652071756520656c2072656e64696d69656e746f20646520616d62617320656e206a7565676f73206163616265207369656e646f206d757920706172656369646f2c20636f736120717565207961206f6375727269c3b320706f7220656a656d706c6f20636f6e206c617320475458203938302054492079206c61732047545820544954414e20582e3c2f703e3c703e3c62723e3c2f703e3c703e457320696d706f7274616e74652074656e657220656e206375656e7461207175652061756e71756520656c20616e756e63696f20736520657370657261207061726120656c203238206465206665627265726f206e6f2074656e6472c3a120646973706f6e6962696c69646164207265616c2068617374612064656e74726f20646520756e61732032206f20332073656d616e61732c206c6f20717565206e6f73206c6c6576612061206d65646961646f73206465206d61727a6f2e3c2f703e3c703e3c62723e3c2f703e3c703e436f6e20726573706563746f20616c2070726563696f20746f646176c3ad61206e6f20686179206e616461206f66696369616c2c207065726f20746972616e646f20646520616e7465636564656e74657320792064656c2070726563696f20717565207469656e65206c612047545820544954414e2058205020696d6167696e616d6f732071756520726f6e646172c3a1206c6f7320312e303030206575726f732c206170726f78696d6164616d656e74652e3c2f703e3c703e3c62723e3c2f703e3c703ec2bf4120717569c3a96e2076612064697269676964612065737461207461726a657461206772c3a1666963613f204f627669616d656e74652061206a756761646f72657320636f6e20707265737570756573746f73206d757920616c746f7320717565207175696572616e206469736672757461722064652074c3ad74756c6f7320656e20344b206f2074656e67616e206d6f6e69746f72657320636f6e20746173617320646520726566726573636f206d757920616c7461732e20456e20746f646f206361736f20646562c3a969732074656e657220656e206375656e746120717565206c612072656c616369c3b36e2063616c696461642d70726563696f2064652065737465207469706f20646520736f6c7563696f6e6573207375656c6520736572206d75792062616a612c20796120717565206e6f2072696e64656e206d7563686f206dc3a17320717565206f7472617320696e666572696f726573207065726f206c6c6567616e206120636f7374617220656c20646f626c652e3c2f703e3c703e3c62723e0d0a09090909093c62723e3c62723e0d0a09090909093c62723e3c62723e0d0a09090909093c62723e3c62723e0d0a09090909093c62723e3c62723e0d0a09090909093c62723e3c62723e0d0a09090909093c62723e3c62723e0d0a09090909093c62723e3c62723e0d0a09090909093c62723e3c62723e0d0a09090909093c62723e3c62723e0d0a09090909093c2f703e0d0a09090909, 'S', '2017-03-12 13:25:09', 'FEMO004');
INSERT INTO `ENTRADAS` (`IdEntrada`, `Titulo`, `ImagenEntrada`, `FechaCreacion`, `Contenido`, `Publicado`, `UltimaModificacion`, `CodUsuario`) VALUES
('FELI574', 'LibreELEC 8.0 ya está aquí con Kodi 17', 'sinimagen.png', '2017-02-23 19:41:57', 0x0d0a09090909093c70207374796c653d22746578742d616c69676e3a206a7573746966793b223e4861636520756e61732073656d616e617320717565207365206c616e7ac3b3206c61206e756576612079206573706572616461207665727369c3b36e206465204b6f64692c20656c20706f70756c61722063656e74726f206d756c74696d65646961204f70656e20536f757263652c20792061686f7261206c652073696775652c20636f6d6f207375656c6520736572206f20736572c3a120686162697475616c2c20756e61206e75657661207665727369c3b36e206465204c69627265454c45432c20756e612064697374726962756369c3b36e204c696e757820686563686120706f7220792070617261204b6f6469207920756e61206465206c617320616c7465726e617469766173206dc3a17320696e7465726573616e7465732061637475616c6d656e74652070617261206d6f6e746172736520756e20686f6d652063696e656d612063617365726f20636f6e20746f646173206c6173206465206c61206c65792e3c2f703e3c70207374796c653d22746578742d616c69676e3a206a7573746966793b223e3c62723e3c2f703e3c70207374796c653d22746578742d616c69676e3a206a7573746966793b223e506f7220736920616c677569656e20616e6461207065726469646f2c2076616d6f732061207265706173617220756e20706f636f206c6f7320c3ba6c74696d6f732061636f6e746563696d69656e746f7320656e20746f726e6f206120616d626f732070726f796563746f732c20707565732061204b6f646920736f6c656d6f73207365677569726c65206c612070697374612c207065726f206465204c69627265454c4543206573206c61207072696d6572612076657a20717565206861626c616d6f7320656e204d75794c696e75782e2053696e20656d626172676f2c204c69627265454c454320382e3020657320656e207265616c69646164206c6120736567756e6461207665727369c3b36e2064656c2073697374656d612c206465737075c3a97320646520717565206772616e2070617274652064656c2065717569706f206465206465736172726f6c6c6f206465204f70656e454c4543207365206465736c696761736520706172612063726561722c20656e2065666563746f2c20756e6120626966757263616369c3b36e2064656c206d69736d6f2e3c2f703e3c70207374796c653d22746578742d616c69676e3a206a7573746966793b223e3c62723e3c2f703e3c70207374796c653d22746578742d616c69676e3a206a7573746966793b223e4c61732072617a6f6e65732064656c20666f726b20736520706f6472c3ad61206465636972207175652070657274656e6563656e20616c20736f636f727269646f20617061727461646f206465206c6173206469666572656e636961732069727265636f6e63696c6961626c65733a207365206c656520706f72206168c3ad2071756520736920656c206cc3ad646572206465204f70656e454c45432065726120756e20746972616e6f2c20717565207369204c69627265454c4543206573206dc3a1732064656d6f6372c3a17469636f207061726120636f6e206c6f73206465736172726f6c6c61646f7265732079206c6120636f6d756e69646164e280a62050617261206dc3a173206461746f732c20656c20616365726361206465204c69627265454c45432c20657374652068696c6f20656e206c6f7320666f726f73206f66696369616c65732079207061726120726570726573656e7461722061206c61206f7472612070617274652c20657374652068696c6f20656e205265646469742079206d757920657370656369616c6d656e74652c206573746120636f6e76657273616369c3b36e2c20646f6e646520656c2066756e6461646f72207920746f646176c3ad61206cc3ad646572206465204f70656e454c454320287372617565292061706f7274612063696572746f7320636f6d656e746172696f7320656e20726573707565737461206120756e6f206465206c6f73206465736172726f6c6c61646f726573206465204b6f64692071756520696e7465727669656e652028746f646f20756e206cc3ad6f3b206c6173206d616c6173206c656e6775617320646972c3ad616e20717565205562756e747520726f6d7069c3b3204f70656e454c4543e280a6292e3c2f703e3c70207374796c653d22746578742d616c69676e3a206a7573746966793b223e3c62723e3c2f703e3c70207374796c653d22746578742d616c69676e3a206a7573746966793b223e53656120636f6d6f2066756572652c206c6f2071756520696d706f7274612065732071756520616d626f732070726f796563746f732073696775656e206164656c616e74652079206d69656e7472617320717565204f70656e454c4543207061726563652073657220616c676f206dc3a17320636f6d656469646f2061206c6120686f7261206465206c616e7a6172206e75657661732076657273696f6e65732c204c69627265454c45432070617265636520736572206dc3a1732064696ec3a16d69636f20656e20657365206173706563746f2c2074616c207920636f6d6f2061636162612064652064656d6f737472617220636f6e206c61206e6f766564616420717565206e6f73206f637570612e205065726f20646563696d6f73206d757920616472656465206c6f206465207061726563652c20706f7271756520686179206f70696e696f6e6573207061726120746f646f73206c6f7320677573746f732e3c2f703e3c70207374796c653d22746578742d616c69676e3a206a7573746966793b223e3c62723e3c2f703e3c70207374796c653d22746578742d616c69676e3a206a7573746966793b223ec2bf59207175c3a92074726165206465206e7565766f204c69627265454c454320382e303f204b6f646920313720e280984b727970746f6ee280992c20706f7220737570756573746f2c2063757961207072696e636970616c206e6f76656461642c2076616c67616e206c617320726564756e64616e636961732c20657320656c20e2809c726564697365c3b16f20706f7220746f646f206c6f20616c746fe2809d2064656c20717565206f732064696d6f73206375656e746120656e207375206d6f6d656e746f2e204f73207265636f7264616d6f7320717565204b6f64692066756e63696f6e6120636f6d6f20756e612061706c6963616369c3b36e20696e646570656e6469656e74652c207065726f20646973747269627563696f6e657320636f6d6f204f70656e454c4543206f204c69627265454c454320666163696c6974616e20737520646573706c696567756520636f6d6f20736f6c756369c3b36e20656e20646973706f73697469766f7320636f6d6f205261737062657272692050692e204dc3a17320696e666f726d616369c3b36e2079206c6173206465736361726761732c20656e20656c20616e756e63696f206f66696369616c206465204c69627265454c454320382e302e3c2f703e3c703e3c646976207374796c653d22746578742d616c69676e3a206a7573746966793b223e3c62723e3c2f6469763e0d0a09090909093c646976207374796c653d22746578742d616c69676e3a206a7573746966793b223e3c62723e3c2f6469763e3c646976207374796c653d22746578742d616c69676e3a206a7573746966793b223e3c62723e3c2f6469763e0d0a09090909093c646976207374796c653d22746578742d616c69676e3a206a7573746966793b223e3c62723e3c2f6469763e3c646976207374796c653d22746578742d616c69676e3a206a7573746966793b223e3c62723e3c2f6469763e0d0a09090909093c646976207374796c653d22746578742d616c69676e3a206a7573746966793b223e3c62723e3c2f6469763e3c646976207374796c653d22746578742d616c69676e3a206a7573746966793b223e3c62723e3c2f6469763e0d0a09090909093c646976207374796c653d22746578742d616c69676e3a206a7573746966793b223e3c62723e3c2f6469763e3c646976207374796c653d22746578742d616c69676e3a206a7573746966793b223e3c62723e3c2f6469763e0d0a09090909093c646976207374796c653d22746578742d616c69676e3a206a7573746966793b223e3c62723e3c2f6469763e3c646976207374796c653d22746578742d616c69676e3a206a7573746966793b223e3c62723e3c2f6469763e0d0a09090909093c646976207374796c653d22746578742d616c69676e3a206a7573746966793b223e3c62723e3c2f6469763e3c646976207374796c653d22746578742d616c69676e3a206a7573746966793b223e3c62723e3c2f6469763e0d0a09090909093c646976207374796c653d22746578742d616c69676e3a206a7573746966793b223e3c62723e3c2f6469763e3c646976207374796c653d22746578742d616c69676e3a206a7573746966793b223e3c62723e3c2f6469763e0d0a09090909093c646976207374796c653d22746578742d616c69676e3a206a7573746966793b223e3c62723e3c2f6469763e3c646976207374796c653d22746578742d616c69676e3a206a7573746966793b223e3c62723e3c2f6469763e0d0a09090909093c646976207374796c653d22746578742d616c69676e3a206a7573746966793b223e3c62723e3c2f6469763e3c62723e0d0a09090909093c2f703e0d0a09090909, 'S', '2017-03-12 13:25:09', 'FEMO004'),
('FELI721', 'Está confirmado, NVIDIA anunciará la GTX 1080 TI el 28 de febrero', 'sinimagen.png', '2017-02-23 19:24:16', 0x0d0a09090909093c70207374796c653d22746578742d616c69676e3a206a7573746966793b223e5961206c6f20686162c3ad616d6f73206164656c616e7461646f20656e206e6f74696369617320616e746572696f726573207920686f792066696e616c6d656e746520706f64656d6f7320636f6e6669726d61726c6f2c204e564944494120616e756e63696172c3a1206c6120475458203130383020544920656e20756e206576656e746f20657370656369616c207175652073652063656c6562726172c3a120656c207072c3b378696d6f203238206465206665627265726f2c20756e206d6f76696d69656e746f2071756520706f64656d6f7320636f6e73696465726172206361736920646520e2809c636f6e747261617461717565e2809d20706172612064657376696172206c61206174656e6369c3b36e20736f627265206f74726f20717565207469656e652070656e7361646f2063656c656272617220414d4420657365206d69736d6f2064c3ad612c207920717565206573746172c3a120646564696361646f206120564547412079206c6173206e756576617320526164656f6e205258203530302e3c2f703e3c70207374796c653d22746578742d616c69676e3a206a7573746966793b223e3c62723e3c2f703e3c70207374796c653d22746578742d616c69676e3a206a7573746966793b223e41206e6976656c206465206573706563696669636163696f6e6573206c612047545820313038302054492073652070726573656e746120636f6d6f20756e612047545820544954414e20582050207265636f72746164612c2061756e717565206d616e7469656e6520636f6d6f206261736520656c206d69736d6f206ec3ba636c656f206772c3a16669636f20284750313032292e204573746f206e6f732064656a6172c3ad6120656c207369677569656e74652063756164726f206465206573706563696669636163696f6e65733a3c2f703e3c70207374796c653d22746578742d616c69676e3a206a7573746966793b223e3c62723e3c2f703e3c70207374796c653d22746578742d616c69676e3a206a7573746966793b223e2d20332e3332382073686164657273206120312e363037204d487a2d312e373333204d487a2e3c2f703e3c70207374796c653d22746578742d616c69676e3a206a7573746966793b223e2d2032303620756e69646164657320646520746578747572612e3c2f703e3c70207374796c653d22746578742d616c69676e3a206a7573746966793b223e2d20393620756e69646164657320646520726173746572697a61646f2e3c2f703e3c70207374796c653d22746578742d616c69676e3a206a7573746966793b223e2d204275732064652033323020626974732e3c2f703e3c70207374796c653d22746578742d616c69676e3a206a7573746966793b223e2d2031302047422064652047444452355820612031302047487a20656665637469766f732e3c2f703e3c70207374796c653d22746578742d616c69676e3a206a7573746966793b223e2d2054445020646520323530572c20636f6e20756e20636f6e6563746f7220646520616c696d656e74616369c3b36e20646520382070696e65732079206f74726f20646520362070696e65732e3c2f703e3c70207374796c653d22746578742d616c69676e3a206a7573746966793b223e3c62723e3c2f703e3c70207374796c653d22746578742d616c69676e3a206a7573746966793b223e4c6173206469666572656e63696173207175652070726573656e7461206672656e74652061206c612047545820544954414e2058205020736f6e2062617374616e7465207065717565c3b161732079206c612047545820313038302054492076656e6472c3ad6120636f6e206d61796f726573206672656375656e636961732064652072656c6f6a2c206c6f20717565207369676e696669636120717565206573206d75792070726f6261626c652071756520656c2072656e64696d69656e746f20646520616d62617320656e206a7565676f73206163616265207369656e646f206d757920706172656369646f2c20636f736120717565207961206f6375727269c3b320706f7220656a656d706c6f20636f6e206c617320475458203938302054492079206c61732047545820544954414e20582e3c2f703e3c70207374796c653d22746578742d616c69676e3a206a7573746966793b223e3c62723e3c2f703e3c70207374796c653d22746578742d616c69676e3a206a7573746966793b223e457320696d706f7274616e74652074656e657220656e206375656e7461207175652061756e71756520656c20616e756e63696f20736520657370657261207061726120656c203238206465206665627265726f206e6f2074656e6472c3a120646973706f6e6962696c69646164207265616c2068617374612064656e74726f20646520756e61732032206f20332073656d616e61732c206c6f20717565206e6f73206c6c6576612061206d65646961646f73206465206d61727a6f2e3c2f703e3c70207374796c653d22746578742d616c69676e3a206a7573746966793b223e3c62723e3c2f703e3c70207374796c653d22746578742d616c69676e3a206a7573746966793b223e436f6e20726573706563746f20616c2070726563696f20746f646176c3ad61206e6f20686179206e616461206f66696369616c2c207065726f20746972616e646f20646520616e7465636564656e74657320792064656c2070726563696f20717565207469656e65206c612047545820544954414e2058205020696d6167696e616d6f732071756520726f6e646172c3a1206c6f7320312e303030206575726f732c206170726f78696d6164616d656e74652e3c2f703e3c70207374796c653d22746578742d616c69676e3a206a7573746966793b223e3c62723e3c2f703e3c70207374796c653d22746578742d616c69676e3a206a7573746966793b223ec2bf4120717569c3a96e2076612064697269676964612065737461207461726a657461206772c3a1666963613f204f627669616d656e74652061206a756761646f72657320636f6e20707265737570756573746f73206d757920616c746f7320717565207175696572616e206469736672757461722064652074c3ad74756c6f7320656e20344b206f2074656e67616e206d6f6e69746f72657320636f6e20746173617320646520726566726573636f206d757920616c7461732e20456e20746f646f206361736f20646562c3a969732074656e657220656e206375656e746120717565206c612072656c616369c3b36e2063616c696461642d70726563696f2064652065737465207469706f20646520736f6c7563696f6e6573207375656c6520736572206d75792062616a612c20796120717565206e6f2072696e64656e206d7563686f206dc3a17320717565206f7472617320696e666572696f726573207065726f206c6c6567616e206120636f7374617220656c20646f626c652e3c2f703e3c703e3c646976207374796c653d22746578742d616c69676e3a206a7573746966793b223e3c62723e3c2f6469763e0d0a09090909093c646976207374796c653d22746578742d616c69676e3a206a7573746966793b223e3c62723e3c2f6469763e3c646976207374796c653d22746578742d616c69676e3a206a7573746966793b223e3c62723e3c2f6469763e0d0a09090909093c646976207374796c653d22746578742d616c69676e3a206a7573746966793b223e3c62723e3c2f6469763e3c646976207374796c653d22746578742d616c69676e3a206a7573746966793b223e3c62723e3c2f6469763e0d0a09090909093c646976207374796c653d22746578742d616c69676e3a206a7573746966793b223e3c62723e3c2f6469763e3c646976207374796c653d22746578742d616c69676e3a206a7573746966793b223e3c62723e3c2f6469763e0d0a09090909093c646976207374796c653d22746578742d616c69676e3a206a7573746966793b223e3c62723e3c2f6469763e3c646976207374796c653d22746578742d616c69676e3a206a7573746966793b223e3c62723e3c2f6469763e0d0a09090909093c646976207374796c653d22746578742d616c69676e3a206a7573746966793b223e3c62723e3c2f6469763e3c646976207374796c653d22746578742d616c69676e3a206a7573746966793b223e3c62723e3c2f6469763e0d0a09090909093c646976207374796c653d22746578742d616c69676e3a206a7573746966793b223e3c62723e3c2f6469763e3c646976207374796c653d22746578742d616c69676e3a206a7573746966793b223e3c62723e3c2f6469763e0d0a09090909093c646976207374796c653d22746578742d616c69676e3a206a7573746966793b223e3c62723e3c2f6469763e3c646976207374796c653d22746578742d616c69676e3a206a7573746966793b223e3c62723e3c2f6469763e0d0a09090909093c646976207374796c653d22746578742d616c69676e3a206a7573746966793b223e3c62723e3c2f6469763e3c646976207374796c653d22746578742d616c69676e3a206a7573746966793b223e3c62723e3c2f6469763e0d0a09090909093c646976207374796c653d22746578742d616c69676e3a206a7573746966793b223e3c62723e3c2f6469763e3c62723e0d0a09090909093c2f703e0d0a09090909, 'S', '2017-03-12 13:25:09', 'MACA004'),
('LUAL721', 'prueba', 'sinimagen.png', '2017-06-03 10:09:47', 0x0d0a09090909090d0a09090909093c703e457363726962652061717569202e2e2e3c2f703e0d0a0909090909090909, 'N', '2017-06-03 10:18:28', 'LUAL001'),
('LUAL763', 'hola', 'sinimagen.png', '2017-06-03 10:09:10', 0x0d0a09090909093c703e457363726962652061717569202e2e2e3c2f703e0d0a09090909, 'S', '2017-06-03 10:09:10', 'LUAL001'),
('LUAL997', 'adawd', 'sinimagen.png', '2017-06-03 10:16:41', 0x0d0a09090909093c703e457363726962652061717569202e2e2e3c2f703e0d0a09090909, 'S', '2017-06-03 10:16:41', 'LUAL001'),
('PEDR715', 'Entrada Pedro', 'Pieda-Mojada.jpeg', '2017-03-17 20:29:23', 0x0d0a09090909090d0a09090909090d0a09090909093c70207374796c653d22746578742d616c69676e3a206c6566743b223e456e7472616461206564697461646120706f7220656c2061646d696e2121213c2f703e3c62723e0d0a09090909093c62723e3c62723e0d0a09090909090d0a090909090909090909090909, 'S', '2017-03-17 20:38:21', 'PEAL201'),
('USUA481', 'Nueva Entrada', 'antergoscircleshadow.png', '2017-03-12 11:07:25', 0x0d0a09090909090d0a09090909090d0a09090909090d0a09090909093c703e3c62723e0d0a09090909093c62723e4e7565766120656e747261646120656469746164613c62723e0d0a09090909093c62723e3c62723e0d0a09090909093c62723e3c62723e0d0a09090909093c62723e3c62723e0d0a09090909093c2f703e0d0a09090909090909090909090909090909, 'S', '2017-03-12 13:25:09', 'USNU588');

CREATE TABLE `PERTENECE` (
  `IdEntrada` char(7) NOT NULL,
  `CodCategoria` char(6) NOT NULL
) ENGINE=InnoDB DEFAULT CHARSET=latin1;

INSERT INTO `PERTENECE` (`IdEntrada`, `CodCategoria`) VALUES
('ALPA177', 'PCS005'),
('ALPA180', 'LIN001'),
('ALPA255', 'WIN002'),
('ALPA347', 'LIN001'),
('ALPA567', 'WIN002'),
('ALPA774', 'AND004'),
('ALPA836', 'WIN002'),
('ALPA895', 'LIN001'),
('ALPA975', 'WIN002'),
('ANA698', 'PCS005'),
('FELI496', 'LIN001'),
('FELI556', 'PCS005'),
('FELI574', 'LIN001'),
('FELI721', 'PCS005'),
('LUAL721', 'SIN000'),
('LUAL763', 'SIN000'),
('LUAL997', 'SIN000'),
('PEDR715', 'LIN001'),
('USUA481', 'WIN002');

CREATE TABLE `USUARIOS` (
  `CodUsuario` char(7) NOT NULL,
  `Usuario` varchar(25) DEFAULT NULL,
  `ImgUsuario` varchar(50) DEFAULT NULL,
  `Nombre` varchar(25) DEFAULT NULL,
  `Apellidos` varchar(50) DEFAULT NULL,
  `Sexo` char(1) DEFAULT NULL,
  `FechaNacimiento` date DEFAULT NULL,
  `CorreoElectronico` varchar(100) DEFAULT NULL,
  `TipoUsuario` varchar(13) DEFAULT NULL,
  `Contraseña` varchar(32) DEFAULT NULL,
  `Tema` varchar(50) DEFAULT 'default'
) ENGINE=InnoDB DEFAULT CHARSET=latin1;


INSERT INTO `USUARIOS` (`CodUsuario`, `Usuario`, `ImgUsuario`, `Nombre`, `Apellidos`, `Sexo`, `FechaNacimiento`, `CorreoElectronico`, `TipoUsuario`, `Contraseña`, `Tema`) VALUES
('ASAS295', 'Anita', 'cachorro.jpg', 'Ana', 'ana', 'H', '2017-03-19', 'hola@hmai.com', 'Estandar', '1234', 'default'),
('FEMO004', 'Felipe', 'java.png', 'Felipe', 'Montes Sierra', 'H', '1996-06-01', 'feli91@hotmail.com', 'Estandar', '81dc9bdb52d04dc20036dbd8313ed055', 'default'),
('LUAL001', 'kuiki', 'default_M.png', 'Luigui', 'Alvarez Ramirez', 'H', '1995-07-28', 'luigui916@gmail.com', 'Administrador', '81dc9bdb52d04dc20036dbd8313ed055', 'claro'),
('MACA004', 'alpachilo', '2017-02-08-134431_1024x600_scrot.png', 'Manuel', 'Carrasco Gomez', 'H', '2017-02-17', 'alpachilo12@gmail.com', 'Estandar', '81dc9bdb52d04dc20036dbd8313ed055', 'claro'),
('MUQU779', 'hola', 'user.png', 'Mundo', 'Quw', 'H', '2017-03-09', 'asdad@awda.com', 'Estandar', '81dc9bdb52d04dc20036dbd8313ed055', 'oscuro'),
('PEAL201', 'pedro', 'java.png', 'Pedro', 'Alvarez', 'H', '2017-03-04', 'pedro@gmail.com', 'Estandar', 'c6cc8094c2dc07b700ffcc36d64e2138', 'default'),
('USNU588', 'user', 'antergoscircleshadow.png', 'user', 'Editado', 'H', '2017-03-10', 'editado@gmail.com', 'Estandar', '81dc9bdb52d04dc20036dbd8313ed055', 'default');


ALTER TABLE `CATEGORIAS`
  ADD PRIMARY KEY (`CodCategoria`);


ALTER TABLE `COMENTARIOS`
  ADD PRIMARY KEY (`IdComentario`,`CodUsuario`,`IdEntrada`),
  ADD KEY `en_co` (`IdEntrada`),
  ADD KEY `us_co` (`CodUsuario`);

ALTER TABLE `ENTRADAS`
  ADD PRIMARY KEY (`IdEntrada`,`CodUsuario`),
  ADD KEY `us_en` (`CodUsuario`);

ALTER TABLE `PERTENECE`
  ADD PRIMARY KEY (`IdEntrada`,`CodCategoria`),
  ADD KEY `ca_pe` (`CodCategoria`);

ALTER TABLE `USUARIOS`
  ADD PRIMARY KEY (`CodUsuario`);

ALTER TABLE `COMENTARIOS`
  MODIFY `IdComentario` int(11) NOT NULL AUTO_INCREMENT, AUTO_INCREMENT=51;

ALTER TABLE `COMENTARIOS`
  ADD CONSTRAINT `en_co` FOREIGN KEY (`IdEntrada`) REFERENCES `ENTRADAS` (`IdEntrada`) ON DELETE CASCADE ON UPDATE CASCADE,
  ADD CONSTRAINT `us_co` FOREIGN KEY (`CodUsuario`) REFERENCES `USUARIOS` (`CodUsuario`) ON DELETE CASCADE ON UPDATE CASCADE;

ALTER TABLE `ENTRADAS`
  ADD CONSTRAINT `us_en` FOREIGN KEY (`CodUsuario`) REFERENCES `USUARIOS` (`CodUsuario`) ON DELETE CASCADE ON UPDATE CASCADE;

ALTER TABLE `PERTENECE`
  ADD CONSTRAINT `ca_pe` FOREIGN KEY (`CodCategoria`) REFERENCES `CATEGORIAS` (`CodCategoria`) ON DELETE CASCADE ON UPDATE CASCADE,
  ADD CONSTRAINT `en_pe` FOREIGN KEY (`IdEntrada`) REFERENCES `ENTRADAS` (`IdEntrada`) ON DELETE CASCADE ON UPDATE CASCADE;


